{
  "park": {
    "Tminmu1": 20.0,
    "fraction_mu1": 0.5,
    "Tmaxmu1": 30.0,
    "Tmin2": 20.0,
    "fraction_2": 0.5,
    "Tmax2": 30.0,
    "Tmin3": 25.0,
    "fraction_3": 0.5,
    "Tmax3": 32.5,
    "Tmingamma": 29.875204555538946,
    "fraction_gamma": 0.999999999986047,
    "Tmaxgamma": 39.99999999985873,
    "Tminr": 4.9597346971448175,
    "fraction_r": 0.9967861070910597,
    "Tmaxr": 39.88738433981577,
    "Tmink": 30.14934658928198,
    "fraction_k": 0.10456895356699972,
    "Tmaxk": 31.179419108391958,
    "Tminee": 14.249987764428454,
    "fraction_e": 0.5,
    "Tmaxe": 27.124993882214227
  },
  "house": {
    "Tminmu1": 20.0,
    "fraction_mu1": 0.5,
    "Tmaxmu1": 30.0,
    "Tmin2": 20.0,
    "fraction_2": 0.5,
    "Tmax2": 30.0,
    "Tmin3": 25.0,
    "fraction_3": 0.5,
    "Tmax3": 32.5,
    "Tmingamma": 0.23341689603775473,
    "fraction_gamma": 0.9999999980282065,
    "Tmaxgamma": 39.99999992158851,
    "Tminr": 27.814615034997793,
    "fraction_r": 0.4022323494161746,
    "Tmaxr": 32.715971058011164,
    "Tmink": 12.232661764917696,
    "fraction_k": 0.307152630086609,
    "Tmaxk": 20.761472734327683,
    "Tminee": 12.622007332736267,
    "fraction_e": 0.5,
    "Tmaxe": 26.311003666368133
  },
  "street": {
    "Tminmu1": 20.0,
    "fraction_mu1": 0.5,
    "Tmaxmu1": 30.0,
    "Tmin2": 20.0,
    "fraction_2": 0.5,
    "Tmax2": 30.0,
    "Tmin3": 25.0,
    "fraction_3": 0.5,
    "Tmax3": 32.5,
    "Tmingamma": 20.053979021480473,
    "fraction_gamma": 0.9999999999861465,
    "Tmaxgamma": 39.99999999972368,
    "Tminr": 26.166154637682904,
    "fraction_r": 0.10000000089697335,
    "Tmaxr": 27.549539186323205,
    "Tmink": 31.317717454874096,
    "fraction_k": 0.1362048448034197,
    "Tmaxk": 32.50028640147241,
    "Tminee": 13.103652537930003,
    "fraction_e": 0.5,
    "Tmaxe": 26.551826268965
  },
  "description": "Results using new parametrization with TMIN=0, TMAX=40 and fractions"
}